id,Lng,Lat
516,106.7339642,-6.557158
517,106.7339642,-6.557158
518,106.7339642,-6.557158
519,106.7339642,-6.557158
520,106.7339642,-6.557158
521,106.7339642,-6.557158
522,106.7339642,-6.557158
523,106.7339642,-6.557158
524,106.7339642,-6.557158
525,106.7339642,-6.557158
526,106.7339642,-6.557158
527,106.7339642,-6.557158
528,106.7339642,-6.557158
529,106.7339642,-6.557158
530,106.7339642,-6.557158
531,106.7339642,-6.557158
532,106.7339642,-6.557158
533,106.7339642,-6.557158
534,106.7339642,-6.557158
535,106.7339642,-6.557158
536,106.7339642,-6.557158
537,106.7339642,-6.557158
538,106.7339642,-6.557158
539,106.7339642,-6.557158
540,106.7339642,-6.557158
541,106.7339642,-6.557158
542,106.7339642,-6.557158
543,106.7339642,-6.557158
544,106.7339642,-6.557158
545,106.7339642,-6.557158
546,106.7339642,-6.557158
547,106.7339642,-6.557158
548,106.7339642,-6.557158
549,106.7339642,-6.557158
550,106.7339642,-6.557158
551,106.7339642,-6.557158
552,106.7339642,-6.557158
553,106.7339642,-6.557158
554,106.7339642,-6.557158
555,106.7339642,-6.557158
556,106.7339642,-6.557158
557,106.7339642,-6.557158
558,106.7339642,-6.557158
559,106.7339642,-6.557158
560,106.7339642,-6.557158
561,106.7339642,-6.557158
562,106.7339642,-6.557158
563,106.7339642,-6.557158
564,106.7339642,-6.557158
565,106.7339642,-6.557158
566,106.7339642,-6.557158
567,106.7339642,-6.557158
568,106.7339642,-6.557158
569,106.7339642,-6.557158
570,106.7339642,-6.557158
571,106.7339642,-6.557158
572,106.7339642,-6.557158
573,106.7339642,-6.557158
574,106.7339642,-6.557158
575,106.7339642,-6.557158
576,106.7339642,-6.557158
577,106.7339642,-6.557158
578,106.7339642,-6.557158
579,106.7339642,-6.557158
580,106.7339642,-6.557158
581,106.7339642,-6.557158
582,106.7339642,-6.557158
583,106.7339642,-6.557158
584,106.7339642,-6.557158
585,106.7339642,-6.557158
586,106.7339642,-6.557158
587,106.7339642,-6.557158
588,106.7339642,-6.557158
589,106.7339642,-6.557158
590,106.7339642,-6.557158
591,106.7339642,-6.557158
592,106.7339642,-6.557158
593,106.7339642,-6.557158
594,106.7339642,-6.557158
595,106.7339642,-6.557158
596,106.7339642,-6.557158
597,106.7339642,-6.557158
598,106.7339642,-6.557158
599,106.7339642,-6.557158
600,106.7339642,-6.557158
601,106.7339642,-6.557158
602,106.7339642,-6.557158
603,106.7339642,-6.557158
604,106.7339642,-6.557158
605,106.7339642,-6.557158
606,106.7339642,-6.557158
607,106.7339642,-6.557158
608,106.7339642,-6.557158
609,106.7339642,-6.557158
610,106.7339642,-6.557158
611,106.7339642,-6.557158
612,106.7339642,-6.557158
613,106.7339642,-6.557158
614,106.7339642,-6.557158
615,106.7339642,-6.557158
616,106.7339642,-6.557158
617,106.7339642,-6.557158
618,106.7339642,-6.557158
619,106.7339642,-6.557158
620,106.7339642,-6.557158
621,106.7339642,-6.557158
622,106.7339642,-6.557158
623,106.7339642,-6.557158
624,106.7339642,-6.557158
625,106.7339642,-6.557158
626,106.7339642,-6.557158
627,106.7339642,-6.557158
628,106.7339642,-6.557158
629,106.7339642,-6.557158
630,106.7339642,-6.557158
631,106.7339642,-6.557158
632,106.7339642,-6.557158
633,106.7339642,-6.557158
634,106.7339642,-6.557158
635,106.7339642,-6.557158
636,106.7339642,-6.557158
637,106.7339642,-6.557158
638,106.7339642,-6.557158
639,106.7339642,-6.557158
640,106.7339642,-6.557158
641,106.7339642,-6.557158
642,106.7339642,-6.557158
643,106.7339642,-6.557158
644,106.7339642,-6.557158
645,106.7339642,-6.557158
646,106.7339642,-6.557158
647,106.7339642,-6.557158
648,106.7339642,-6.557158
649,106.7339642,-6.557158
650,106.7339642,-6.557158
651,106.7339642,-6.557158
652,106.7339642,-6.557158
653,106.7339642,-6.557158
654,106.7339642,-6.557158
655,106.7339642,-6.557158
656,106.7339642,-6.557158
657,106.7339642,-6.557158
658,106.7339642,-6.557158
659,106.7339642,-6.557158
660,106.7339642,-6.557158
661,106.7339642,-6.557158
662,106.7339642,-6.557158
663,106.7339642,-6.557158
664,106.7339642,-6.557158
665,106.7339642,-6.557158
666,106.7339642,-6.557158
667,106.7339642,-6.557158
668,106.7339642,-6.557158
669,106.7339642,-6.557158
670,106.7339642,-6.557158
671,106.7339642,-6.557158
672,106.7339642,-6.557158
673,106.7339642,-6.557158
674,106.7339642,-6.557158
675,106.7339642,-6.557158
676,106.7339642,-6.557158
677,106.7339642,-6.557158
678,106.7339642,-6.557158
679,106.7339642,-6.557158
680,106.7339642,-6.557158
681,106.7339642,-6.557158
682,106.7339642,-6.557158
683,106.7339642,-6.557158
684,106.7339642,-6.557158
685,106.7339642,-6.557158
686,106.7339642,-6.557158
687,106.7339642,-6.557158
688,106.7339642,-6.557158
689,106.7339642,-6.557158
690,106.7339642,-6.557158
691,106.7339642,-6.557158
692,106.7339642,-6.557158
693,106.7339642,-6.557158
694,106.7339642,-6.557158
695,106.7339642,-6.557158
696,106.7339642,-6.557158
697,106.7339642,-6.557158
698,106.7339642,-6.557158
699,106.7339642,-6.557158
700,106.7339642,-6.557158
701,106.7339642,-6.557158
702,106.7339642,-6.557158
703,106.7339642,-6.557158
704,106.7339642,-6.557158
705,106.7339642,-6.557158
706,106.7339642,-6.557158
707,106.7339642,-6.557158
708,106.7339642,-6.557158
709,106.7339642,-6.557158
710,106.7339642,-6.557158
711,106.7339642,-6.557158
712,106.7339642,-6.557158
713,106.7339642,-6.557158
714,106.7339642,-6.557158
715,106.7339642,-6.557158
716,106.7339642,-6.557158
717,106.7339642,-6.557158
718,106.7339642,-6.557158
719,106.7339642,-6.557158
720,106.7339642,-6.557158
721,106.7339642,-6.557158
722,106.7339642,-6.557158
723,106.7339642,-6.557158
724,106.7339642,-6.557158
725,106.7339642,-6.557158
726,106.7339642,-6.557158
727,106.7339642,-6.557158
728,106.7339642,-6.557158
729,106.7339642,-6.557158
730,106.7339642,-6.557158
731,106.7339642,-6.557158
732,106.7339642,-6.557158
733,106.7339642,-6.557158
734,106.7339642,-6.557158
735,106.7339642,-6.557158
736,106.7339642,-6.557158
737,106.7339642,-6.557158
738,106.7339642,-6.557158
739,106.7339642,-6.557158
740,106.7339642,-6.557158
741,106.7339642,-6.557158
742,106.7339642,-6.557158
743,106.7339642,-6.557158
744,106.7339642,-6.557158
745,106.7339642,-6.557158
746,106.7339642,-6.557158
747,106.7339642,-6.557158
748,106.7339642,-6.557158
749,106.7339642,-6.557158
750,106.7339642,-6.557158
751,106.7339642,-6.557158
752,106.7339642,-6.557158
753,106.7339642,-6.557158
754,106.7339642,-6.557158
755,106.7339642,-6.557158
756,106.7339642,-6.557158
757,106.7339642,-6.557158
758,106.7339642,-6.557158
759,106.7339642,-6.557158
760,106.7339642,-6.557158
761,106.7339642,-6.557158
762,106.7339642,-6.557158
763,106.7339642,-6.557158
764,106.7339642,-6.557158
765,106.7339642,-6.557158
766,106.7339642,-6.557158
767,106.7339642,-6.557158
768,106.7339642,-6.557158
769,106.7339642,-6.557158
770,106.7339642,-6.557158
771,106.7339642,-6.557158
772,106.7339642,-6.557158
773,106.7339642,-6.557158
774,106.7339642,-6.557158
775,106.7339642,-6.557158
776,106.7339642,-6.557158
777,106.7339642,-6.557158
778,106.7339642,-6.557158
779,106.7339642,-6.557158
780,106.7339642,-6.557158
781,106.7339642,-6.557158
782,106.7339642,-6.557158
783,106.7339642,-6.557158
784,106.7339642,-6.557158
785,106.7339642,-6.557158
786,106.7339642,-6.557158
787,106.7339642,-6.557158
788,106.7339642,-6.557158
789,106.7339642,-6.557158
790,106.7339642,-6.557158
791,106.7339642,-6.557158
792,106.7339642,-6.557158
793,106.7339642,-6.557158
794,106.7339642,-6.557158
795,106.7339642,-6.557158
796,106.7339642,-6.557158
797,106.7339642,-6.557158
798,106.7339642,-6.557158
799,106.7339642,-6.557158
800,106.7339642,-6.557158
801,106.7339642,-6.557158
802,106.7339642,-6.557158
803,106.7339642,-6.557158
804,106.7339642,-6.557158
805,106.7339642,-6.557158
806,106.7339642,-6.557158
807,106.7339642,-6.557158
808,106.7339642,-6.557158
809,106.7339642,-6.557158
810,106.7339642,-6.557158
811,106.7339642,-6.557158
812,106.7339642,-6.557158
813,106.7339642,-6.557158
814,106.7339642,-6.557158
815,106.7339642,-6.557158
816,106.7339642,-6.557158
817,106.7339642,-6.557158
818,106.7339642,-6.557158
819,106.7339642,-6.557158
820,106.7339642,-6.557158
1550,106.7339642,-6.557158
1551,106.7339642,-6.557158
1552,106.7339642,-6.557158
1553,106.7339642,-6.557158
1554,106.7339642,-6.557158
1555,106.7339642,-6.557158
1556,106.7339642,-6.557158
1557,106.7339642,-6.557158
1558,106.7339642,-6.557158
1559,106.7339642,-6.557158
1560,106.7339642,-6.557158
1561,106.7339642,-6.557158
1562,106.7339642,-6.557158
1563,106.7339642,-6.557158
1564,106.7339642,-6.557158
1565,106.7339642,-6.557158
1566,106.7339642,-6.557158
1567,106.7339642,-6.557158
1568,106.7339642,-6.557158
1569,106.7339642,-6.557158
1570,106.7339642,-6.557158
1571,106.7339642,-6.557158
1572,106.7339642,-6.557158
1573,106.7339642,-6.557158
1574,106.7339642,-6.557158
1575,106.7339642,-6.557158
1576,106.7339642,-6.557158
1577,106.7339642,-6.557158
1578,106.7339642,-6.557158
1579,106.7339642,-6.557158
1580,106.7339642,-6.557158
1581,106.7339642,-6.557158
1582,106.7339642,-6.557158
1583,106.7339642,-6.557158
1584,106.7339642,-6.557158
1585,106.7339642,-6.557158
1586,106.7339642,-6.557158
1587,106.7339642,-6.557158
1588,106.7339642,-6.557158
1589,106.7339642,-6.557158
1590,106.7339642,-6.557158
1591,106.7339642,-6.557158
1592,106.7339642,-6.557158
1593,106.7339642,-6.557158
1594,106.7339642,-6.557158
1595,106.7339642,-6.557158
1596,106.7339642,-6.557158
1597,106.7339642,-6.557158
1598,106.7339642,-6.557158
1599,106.7339642,-6.557158
1600,106.7339642,-6.557158
1601,106.7339642,-6.557158
1602,106.7339642,-6.557158
1603,106.7339642,-6.557158
1604,106.7339642,-6.557158
1605,106.7339642,-6.557158
1606,106.7339642,-6.557158
1607,106.7339642,-6.557158
1608,106.7339642,-6.557158
1609,106.7339642,-6.557158
1610,106.7339642,-6.557158
1611,106.7339642,-6.557158
1612,106.7339642,-6.557158
1613,106.7339642,-6.557158
1614,106.7339642,-6.557158
1615,106.7339642,-6.557158
1616,106.7339642,-6.557158
1617,106.7339642,-6.557158
1618,106.7339642,-6.557158
1619,106.7339642,-6.557158
1620,106.7339642,-6.557158
1621,106.7339642,-6.557158
1622,106.7339642,-6.557158
1623,106.7339642,-6.557158
1624,106.7339642,-6.557158
1625,106.7339642,-6.557158
1626,106.7339642,-6.557158
1627,106.7339642,-6.557158
1628,106.7339642,-6.557158
1629,106.7339642,-6.557158
1630,106.7339642,-6.557158
1631,106.7339642,-6.557158
1632,106.7339642,-6.557158
1633,106.7339642,-6.557158
1634,106.7339642,-6.557158
1635,106.7339642,-6.557158
1636,106.7339642,-6.557158
1637,106.7339642,-6.557158
1638,106.7339642,-6.557158
1639,106.7339642,-6.557158
1640,106.7339642,-6.557158
1641,106.7339642,-6.557158
1642,106.7339642,-6.557158
1643,106.7339642,-6.557158
1644,106.7339642,-6.557158
1645,106.7339642,-6.557158
1646,106.7339642,-6.557158
1647,106.7339642,-6.557158
1648,106.7339642,-6.557158
1649,106.7339642,-6.557158
1650,106.7339642,-6.557158
1651,106.7339642,-6.557158
1652,106.7339642,-6.557158
1653,106.7339642,-6.557158
1654,106.7339642,-6.557158
1655,106.7339642,-6.557158
1656,106.7339642,-6.557158
1657,106.7339642,-6.557158
1658,106.7339642,-6.557158
1659,106.7339642,-6.557158
1660,106.7339642,-6.557158
1661,106.7339642,-6.557158
1662,106.7339642,-6.557158
1663,106.7339642,-6.557158
1664,106.7339642,-6.557158
1665,106.7339642,-6.557158
1666,106.7339642,-6.557158
1667,106.7339642,-6.557158
1668,106.7339642,-6.557158
1669,106.7339642,-6.557158
1670,106.7339642,-6.557158
1671,106.7339642,-6.557158
1672,106.7339642,-6.557158
1673,106.7339642,-6.557158
1674,106.7339642,-6.557158
1675,106.7339642,-6.557158
1676,106.7339642,-6.557158
1677,106.7339642,-6.557158
1678,106.7339642,-6.557158
1679,106.7339642,-6.557158
1680,106.7339642,-6.557158
1681,106.7339642,-6.557158
1682,106.7339642,-6.557158
1683,106.7339642,-6.557158
1684,106.7339642,-6.557158
1685,106.7339642,-6.557158
1686,106.7339642,-6.557158
1687,106.7339642,-6.557158
1688,106.7339642,-6.557158
1689,106.7339642,-6.557158
1690,106.7339642,-6.557158
1691,106.7339642,-6.557158
1692,106.7339642,-6.557158
1693,106.7339642,-6.557158
1694,106.7339642,-6.557158
1695,106.7339642,-6.557158
1696,106.7339642,-6.557158
1697,106.7339642,-6.557158
1698,106.7339642,-6.557158
1699,106.7339642,-6.557158
1700,106.7339642,-6.557158
1701,106.7339642,-6.557158
1702,106.7339642,-6.557158
1703,106.7339642,-6.557158
1704,106.7339642,-6.557158
1705,106.7339642,-6.557158
1706,106.7339642,-6.557158
1707,106.7339642,-6.557158
1708,106.7339642,-6.557158
1709,106.7339642,-6.557158
1710,106.7339642,-6.557158
1711,106.7339642,-6.557158
1712,106.7339642,-6.557158
1713,106.7339642,-6.557158
1714,106.7339642,-6.557158
1715,106.7339642,-6.557158
1716,106.7339642,-6.557158
1717,106.7339642,-6.557158
1718,106.7339642,-6.557158
1719,106.7339642,-6.557158
1720,106.7339642,-6.557158
1721,106.7339642,-6.557158
1722,106.7339642,-6.557158
1723,106.7339642,-6.557158
1724,106.7339642,-6.557158
1725,106.7339642,-6.557158
1726,106.7339642,-6.557158
1727,106.7339642,-6.557158
1728,106.7339642,-6.557158
1729,106.7339642,-6.557158
1730,106.7339642,-6.557158
1731,106.7339642,-6.557158
1732,106.7339642,-6.557158
1733,106.7339642,-6.557158
1734,106.7339642,-6.557158
1735,106.7339642,-6.557158
1736,106.7339642,-6.557158
1737,106.7339642,-6.557158
1738,106.7339642,-6.557158
1739,106.7339642,-6.557158
1740,106.7339642,-6.557158
1741,106.7339642,-6.557158
1742,106.7339642,-6.557158
1743,106.7339642,-6.557158
1744,106.7339642,-6.557158
1745,106.7339642,-6.557158
1746,106.7339642,-6.557158
1747,106.7339642,-6.557158
1748,106.7339642,-6.557158
1749,106.7339642,-6.557158
1750,106.7339642,-6.557158
1751,106.7339642,-6.557158
1752,106.7339642,-6.557158
2172,106.7339642,-6.557158
2173,106.7339642,-6.557158
2174,106.7339642,-6.557158
2175,106.7339642,-6.557158
2176,106.7339642,-6.557158
2177,106.7339642,-6.557158
2178,106.7339642,-6.557158
2179,106.7339642,-6.557158
2180,106.7339642,-6.557158
2181,106.7339642,-6.557158
2182,106.7339642,-6.557158
2183,106.7339642,-6.557158
2184,106.7339642,-6.557158
2185,106.7339642,-6.557158
2186,106.7339642,-6.557158
2187,106.7339642,-6.557158
2188,106.7339642,-6.557158
2189,106.7339642,-6.557158
2190,106.7339642,-6.557158
2191,106.7339642,-6.557158
2192,106.7339642,-6.557158
2193,106.7339642,-6.557158
2194,106.7339642,-6.557158
2195,106.7339642,-6.557158
2196,106.7339642,-6.557158
2197,106.7339642,-6.557158
2198,106.7339642,-6.557158
2199,106.7339642,-6.557158
2200,106.7339642,-6.557158
2201,106.7339642,-6.557158
2202,106.7339642,-6.557158
2203,106.7339642,-6.557158
2204,106.7339642,-6.557158
2205,106.7339642,-6.557158
2206,106.7339642,-6.557158
2207,106.7339642,-6.557158
2208,106.7339642,-6.557158
2209,106.7339642,-6.557158
2210,106.7339642,-6.557158
2211,106.7339642,-6.557158
2212,106.7339642,-6.557158
2213,106.7339642,-6.557158
2214,106.7339642,-6.557158
2215,106.7339642,-6.557158
2216,106.7339642,-6.557158
2217,106.7339642,-6.557158
2218,106.7339642,-6.557158
2219,106.7339642,-6.557158
2220,106.7339642,-6.557158
2221,106.7339642,-6.557158
2222,106.7339642,-6.557158
2223,106.7339642,-6.557158
2224,106.7339642,-6.557158
2225,106.7339642,-6.557158
2226,106.7339642,-6.557158
2227,106.7339642,-6.557158
2228,106.7339642,-6.557158
2229,106.7339642,-6.557158
2230,106.7339642,-6.557158
2231,106.7339642,-6.557158
2232,106.7339642,-6.557158
2233,106.7339642,-6.557158
2234,106.7339642,-6.557158
2235,106.7339642,-6.557158
2236,106.7339642,-6.557158
2237,106.7339642,-6.557158
2238,106.7339642,-6.557158
2239,106.7339642,-6.557158
2240,106.7339642,-6.557158
2241,106.7339642,-6.557158
2242,106.7339642,-6.557158
2243,106.7339642,-6.557158
2244,106.7339642,-6.557158
2245,106.7339642,-6.557158
2246,106.7339642,-6.557158
2247,106.7339642,-6.557158
2248,106.7339642,-6.557158
2249,106.7339642,-6.557158
2250,106.7339642,-6.557158
2251,106.7339642,-6.557158
2252,106.7339642,-6.557158
2253,106.7339642,-6.557158
2254,106.7339642,-6.557158
2255,106.7339642,-6.557158
2256,106.7339642,-6.557158
2257,106.7339642,-6.557158
2258,106.7339642,-6.557158
2259,106.7339642,-6.557158
2260,106.7339642,-6.557158
2261,106.7339642,-6.557158
2262,106.7339642,-6.557158
2263,106.7339642,-6.557158
2264,106.7339642,-6.557158
2265,106.7339642,-6.557158
2266,106.7339642,-6.557158
2267,106.7339642,-6.557158
2268,106.7339642,-6.557158
2269,106.7339642,-6.557158
2270,106.7339642,-6.557158
2271,106.7339642,-6.557158
2272,106.7339642,-6.557158
2273,106.7339642,-6.557158
2274,106.7339642,-6.557158
2275,106.7339642,-6.557158
2276,106.7339642,-6.557158
2277,106.7339642,-6.557158
2278,106.7339642,-6.557158
2279,106.7339642,-6.557158
2280,106.7339642,-6.557158
2281,106.7339642,-6.557158
2282,106.7339642,-6.557158
2283,106.7339642,-6.557158
2284,106.7339642,-6.557158
2285,106.7339642,-6.557158
2286,106.7339642,-6.557158
2287,106.7339642,-6.557158
2288,106.7339642,-6.557158
2289,106.7339642,-6.557158
2290,106.7339642,-6.557158
2291,106.7339642,-6.557158
2292,106.7339642,-6.557158
2293,106.7339642,-6.557158
2294,106.7339642,-6.557158
2295,106.7339642,-6.557158
2296,106.7339642,-6.557158
2297,106.7339642,-6.557158
2298,106.7339642,-6.557158
2299,106.7339642,-6.557158
2300,106.7339642,-6.557158
2301,106.7339642,-6.557158
2302,106.7339642,-6.557158
2303,106.7339642,-6.557158
2304,106.7339642,-6.557158
2305,106.7339642,-6.557158
2306,106.7339642,-6.557158
2307,106.7339642,-6.557158
2308,106.7339642,-6.557158
2309,106.7339642,-6.557158
2310,106.7339642,-6.557158
2311,106.7339642,-6.557158
2312,106.7339642,-6.557158
2313,106.7339642,-6.557158
2314,106.7339642,-6.557158
2315,106.7339642,-6.557158
2316,106.7339642,-6.557158
2317,106.7339642,-6.557158
2318,106.7339642,-6.557158
2319,106.7339642,-6.557158
2320,106.7339642,-6.557158
2321,106.7339642,-6.557158
2322,106.7339642,-6.557158
2323,106.7339642,-6.557158
2324,106.7339642,-6.557158
2325,106.7339642,-6.557158
2326,106.7339642,-6.557158
2327,106.7339642,-6.557158
2328,106.7339642,-6.557158
2329,106.7339642,-6.557158
2330,106.7339642,-6.557158
2331,106.7339642,-6.557158
2332,106.7339642,-6.557158
2333,106.7339642,-6.557158
2334,106.7339642,-6.557158
2335,106.7339642,-6.557158
2336,106.7339642,-6.557158
2337,106.7339642,-6.557158
2338,106.7339642,-6.557158
2339,106.7339642,-6.557158
2340,106.7339642,-6.557158
2341,106.7339642,-6.557158
2342,106.7339642,-6.557158
2343,106.7339642,-6.557158
2344,106.7339642,-6.557158
2345,106.7339642,-6.557158
2346,106.7339642,-6.557158
2347,106.7339642,-6.557158
2348,106.7339642,-6.557158
2349,106.7339642,-6.557158
2350,106.7339642,-6.557158
2351,106.7339642,-6.557158
2352,106.7339642,-6.557158
2353,106.7339642,-6.557158
2354,106.7339642,-6.557158
2355,106.7339642,-6.557158
2356,106.7339642,-6.557158
2357,106.7339642,-6.557158
2358,106.7339642,-6.557158
2359,106.7339642,-6.557158
2360,106.7339642,-6.557158
2361,106.7339642,-6.557158
2362,106.7339642,-6.557158
2363,106.7339642,-6.557158
2364,106.7339642,-6.557158
2365,106.7339642,-6.557158
2366,106.7339642,-6.557158
2367,106.7339642,-6.557158
2368,106.7339642,-6.557158
2369,106.7339642,-6.557158
2370,106.7339642,-6.557158
2371,106.7339642,-6.557158
2372,106.7339642,-6.557158
2373,106.7339642,-6.557158
2374,106.7339642,-6.557158
2375,106.7339642,-6.557158
2376,106.7339642,-6.557158
2377,106.7339642,-6.557158
2378,106.7339642,-6.557158
2379,106.7339642,-6.557158
2380,106.7339642,-6.557158
2381,106.7339642,-6.557158
2382,106.7339642,-6.557158
2383,106.7339642,-6.557158
2384,106.7339642,-6.557158
2385,106.7339642,-6.557158
2386,106.7339642,-6.557158
2387,106.7339642,-6.557158
2388,106.7339642,-6.557158
2389,106.7339642,-6.557158
2390,106.7339642,-6.557158
2391,106.7339642,-6.557158
2392,106.7339642,-6.557158
2393,106.7339642,-6.557158
2394,106.7339642,-6.557158
2395,106.7339642,-6.557158
2396,106.7339642,-6.557158
2397,106.7339642,-6.557158
2398,106.7339642,-6.557158
2399,106.7339642,-6.557158
2400,106.7339642,-6.557158
2401,106.7339642,-6.557158
2402,106.7339642,-6.557158
2403,106.7339642,-6.557158
2404,106.7339642,-6.557158
2405,106.7339642,-6.557158
2406,106.7339642,-6.557158
2407,106.7339642,-6.557158
2408,106.7339642,-6.557158
2409,106.7339642,-6.557158
2410,106.7339642,-6.557158
2411,106.7339642,-6.557158
2412,106.7339642,-6.557158
2413,106.7339642,-6.557158
2414,106.7339642,-6.557158
2415,106.7339642,-6.557158
2416,106.7339642,-6.557158
2417,106.7339642,-6.557158
2418,106.7339642,-6.557158
2419,106.7339642,-6.557158
2420,106.7339642,-6.557158
2421,106.7339642,-6.557158
2422,106.7339642,-6.557158
2423,106.7339642,-6.557158
2424,106.7339642,-6.557158
2425,106.7339642,-6.557158
2426,106.7339642,-6.557158
2427,106.7339642,-6.557158
2428,106.7339642,-6.557158
2429,106.7339642,-6.557158
2430,106.7339642,-6.557158
2431,106.7339642,-6.557158
2432,106.7339642,-6.557158
2433,106.7339642,-6.557158
2434,106.7339642,-6.557158
2435,106.7339642,-6.557158
2436,106.7339642,-6.557158
2437,106.7339642,-6.557158
2438,106.7339642,-6.557158
2439,106.7339642,-6.557158
2440,106.7339642,-6.557158
2441,106.7339642,-6.557158
2442,106.7339642,-6.557158
2443,106.7339642,-6.557158
2444,106.7339642,-6.557158
2445,106.7339642,-6.557158
2446,106.7339642,-6.557158
2447,106.7339642,-6.557158
2448,106.7339642,-6.557158
2449,106.7339642,-6.557158
2450,106.7339642,-6.557158
2451,106.7339642,-6.557158
2452,106.7339642,-6.557158
2453,106.7339642,-6.557158
2454,106.7339642,-6.557158
2455,106.7339642,-6.557158
2456,106.7339642,-6.557158
2457,106.7339642,-6.557158
2458,106.7339642,-6.557158
2459,106.7339642,-6.557158
2460,106.7339642,-6.557158
2461,106.7339642,-6.557158
2462,106.7339642,-6.557158
2463,106.7339642,-6.557158
2464,106.7339642,-6.557158
2465,106.7339642,-6.557158
2466,106.7339642,-6.557158
2467,106.7339642,-6.557158
2468,106.7339642,-6.557158
2469,106.7339642,-6.557158
2470,106.7339642,-6.557158
2471,106.7339642,-6.557158
2472,106.7339642,-6.557158
2473,106.7339642,-6.557158
2474,106.7339642,-6.557158
2475,106.7339642,-6.557158
2476,106.7339642,-6.557158
2477,106.7339642,-6.557158
2478,106.7339642,-6.557158
2479,106.7339642,-6.557158
2480,106.7339642,-6.557158
2481,106.7339642,-6.557158
2482,106.7339642,-6.557158
2483,106.7339642,-6.557158
2484,106.7339642,-6.557158
2485,106.7339642,-6.557158
2486,106.7339642,-6.557158
2487,106.7339642,-6.557158
2488,106.7339642,-6.557158
2489,106.7339642,-6.557158
2490,106.7339642,-6.557158
2491,106.7339642,-6.557158
2492,106.7339642,-6.557158
2493,106.7339642,-6.557158
2494,106.7339642,-6.557158
2495,106.7339642,-6.557158
2496,106.7339642,-6.557158
2497,106.7339642,-6.557158
2498,106.7339642,-6.557158
2499,106.7339642,-6.557158
2500,106.7339642,-6.557158
2501,106.7339642,-6.557158
2502,106.7339642,-6.557158
2503,106.7339642,-6.557158
2504,106.7339642,-6.557158
2505,106.7339642,-6.557158
2506,106.7339642,-6.557158
2507,106.7339642,-6.557158
2508,106.7339642,-6.557158
2509,106.7339642,-6.557158
2510,106.7339642,-6.557158
2511,106.7339642,-6.557158
2512,106.7339642,-6.557158
2513,106.7339642,-6.557158
2514,106.7339642,-6.557158
2515,106.7339642,-6.557158
2516,106.7339642,-6.557158
2517,106.7339642,-6.557158
2518,106.7339642,-6.557158
2519,106.7339642,-6.557158
2520,106.7339642,-6.557158
2521,106.7339642,-6.557158
3250,106.7339642,-6.557158
3251,106.7339642,-6.557158
3252,106.7339642,-6.557158
3253,106.7339642,-6.557158
3254,106.7339642,-6.557158
3255,106.7339642,-6.557158
3256,106.7339642,-6.557158
3257,106.7339642,-6.557158
3258,106.7339642,-6.557158
3259,106.7339642,-6.557158
3260,106.7339642,-6.557158
3261,106.7339642,-6.557158
3262,106.7339642,-6.557158
3263,106.7339642,-6.557158
3264,106.7339642,-6.557158
3265,106.7339642,-6.557158
3266,106.7339642,-6.557158
3267,106.7339642,-6.557158
3268,106.7339642,-6.557158
3269,106.7339642,-6.557158
3270,106.7339642,-6.557158
3271,106.7339642,-6.557158
3272,106.7339642,-6.557158
3273,106.7339642,-6.557158
3274,106.7339642,-6.557158
3275,106.7339642,-6.557158
3276,106.7339642,-6.557158
3277,106.7339642,-6.557158
3278,106.7339642,-6.557158
3279,106.7339642,-6.557158
3280,106.7339642,-6.557158
3281,106.7339642,-6.557158
3282,106.7339642,-6.557158
3283,106.7339642,-6.557158
3284,106.7339642,-6.557158
3285,106.7339642,-6.557158
3286,106.7339642,-6.557158
3287,106.7339642,-6.557158
3288,106.7339642,-6.557158
3289,106.7339642,-6.557158
3290,106.7339642,-6.557158
3291,106.7339642,-6.557158
3292,106.7339642,-6.557158
3293,106.7339642,-6.557158
3294,106.7339642,-6.557158
3295,106.7339642,-6.557158
3296,106.7339642,-6.557158
3297,106.7339642,-6.557158
3298,106.7339642,-6.557158
3299,106.7339642,-6.557158
3817,106.7339642,-6.557158
3818,106.7339642,-6.557158
3819,106.7339642,-6.557158
3820,106.7339642,-6.557158
3821,106.7339642,-6.557158
3822,106.7339642,-6.557158
3823,106.7339642,-6.557158
3824,106.7339642,-6.557158
3825,106.7339642,-6.557158
3826,106.7339642,-6.557158
3827,106.7339642,-6.557158
3828,106.7339642,-6.557158
3829,106.7339642,-6.557158
3830,106.7339642,-6.557158
3831,106.7339642,-6.557158
3832,106.7339642,-6.557158
3833,106.7339642,-6.557158
3834,106.7339642,-6.557158
3835,106.7339642,-6.557158
3836,106.7339642,-6.557158
3837,106.7339642,-6.557158
3838,106.7339642,-6.557158
3839,106.7339642,-6.557158
3840,106.7339642,-6.557158
3841,106.7339642,-6.557158
3842,106.7339642,-6.557158
3843,106.7339642,-6.557158
3844,106.7339642,-6.557158
3845,106.7339642,-6.557158
3846,106.7339642,-6.557158
3847,106.7339642,-6.557158
3848,106.7339642,-6.557158
3849,106.7339642,-6.557158
3850,106.7339642,-6.557158
3851,106.7339642,-6.557158
3852,106.7339642,-6.557158
3853,106.7339642,-6.557158
3854,106.7339642,-6.557158
3855,106.7339642,-6.557158
3856,106.7339642,-6.557158
3857,106.7339642,-6.557158
3858,106.7339642,-6.557158
3859,106.7339642,-6.557158
3860,106.7339642,-6.557158
3861,106.7339642,-6.557158
3862,106.7339642,-6.557158
3863,106.7339642,-6.557158
3864,106.7339642,-6.557158
3865,106.7339642,-6.557158
3866,106.7339642,-6.557158
3867,106.7339642,-6.557158
3868,106.7339642,-6.557158
3869,106.7339642,-6.557158
3870,106.7339642,-6.557158
3871,106.7339642,-6.557158
3872,106.7339642,-6.557158
3873,106.7339642,-6.557158
3874,106.7339642,-6.557158
3875,106.7339642,-6.557158
3876,106.7339642,-6.557158
3877,106.7339642,-6.557158
3878,106.7339642,-6.557158
3879,106.7339642,-6.557158
3880,106.7339642,-6.557158
3881,106.7339642,-6.557158
3882,106.7339642,-6.557158
3883,106.7339642,-6.557158
3884,106.7339642,-6.557158
3885,106.7339642,-6.557158
3886,106.7339642,-6.557158
3887,106.7339642,-6.557158
3888,106.7339642,-6.557158
3889,106.7339642,-6.557158
3890,106.7339642,-6.557158
3891,106.7339642,-6.557158
3892,106.7339642,-6.557158
3893,106.7339642,-6.557158
3894,106.7339642,-6.557158
3895,106.7339642,-6.557158
3896,106.7339642,-6.557158
3897,106.7339642,-6.557158
3898,106.7339642,-6.557158
3899,106.7339642,-6.557158
3900,106.7339642,-6.557158
3901,106.7339642,-6.557158
3902,106.7339642,-6.557158
3903,106.7339642,-6.557158
3904,106.7339642,-6.557158
3905,106.7339642,-6.557158
3906,106.7339642,-6.557158
3907,106.7339642,-6.557158
3908,106.7339642,-6.557158
3909,106.7339642,-6.557158
3910,106.7339642,-6.557158
3911,106.7339642,-6.557158
3912,106.7339642,-6.557158
3913,106.7339642,-6.557158
3914,106.7339642,-6.557158
3915,106.7339642,-6.557158
3916,106.7339642,-6.557158
3917,106.7339642,-6.557158
3918,106.7339642,-6.557158
3919,106.7339642,-6.557158
3920,106.7339642,-6.557158
3921,106.7339642,-6.557158
3922,106.7339642,-6.557158
3923,106.7339642,-6.557158
3924,106.7339642,-6.557158
3925,106.7339642,-6.557158
3926,106.7339642,-6.557158
3927,106.7339642,-6.557158
3928,106.7339642,-6.557158
3929,106.7339642,-6.557158
3930,106.7339642,-6.557158
3931,106.7339642,-6.557158
3932,106.7339642,-6.557158
3933,106.7339642,-6.557158
3934,106.7339642,-6.557158
3935,106.7339642,-6.557158
3936,106.7339642,-6.557158
3937,106.7339642,-6.557158
3938,106.7339642,-6.557158
3939,106.7339642,-6.557158
3940,106.7339642,-6.557158
3941,106.7339642,-6.557158
3942,106.7339642,-6.557158
3943,106.7339642,-6.557158
3944,106.7339642,-6.557158
3945,106.7339642,-6.557158
3946,106.7339642,-6.557158
3947,106.7339642,-6.557158
3948,106.7339642,-6.557158
3949,106.7339642,-6.557158
3950,106.7339642,-6.557158
3951,106.7339642,-6.557158
3952,106.7339642,-6.557158
3953,106.7339642,-6.557158
3954,106.7339642,-6.557158
3955,106.7339642,-6.557158
3956,106.7339642,-6.557158
3957,106.7339642,-6.557158
3958,106.7339642,-6.557158
3959,106.7339642,-6.557158
3960,106.7339642,-6.557158
3961,106.7339642,-6.557158
3962,106.7339642,-6.557158
3963,106.7339642,-6.557158
3964,106.7339642,-6.557158
3965,106.7339642,-6.557158
3966,106.7339642,-6.557158
3967,106.7339642,-6.557158
3968,106.7339642,-6.557158
3969,106.7339642,-6.557158
3970,106.7339642,-6.557158
3971,106.7339642,-6.557158
3972,106.7339642,-6.557158
3973,106.7339642,-6.557158
3974,106.7339642,-6.557158
3975,106.7339642,-6.557158
3976,106.7339642,-6.557158
3977,106.7339642,-6.557158
3978,106.7339642,-6.557158
3979,106.7339642,-6.557158
3980,106.7339642,-6.557158
3981,106.7339642,-6.557158
3982,106.7339642,-6.557158
3983,106.7339642,-6.557158
3984,106.7339642,-6.557158
3985,106.7339642,-6.557158
3986,106.7339642,-6.557158
3987,106.7339642,-6.557158
3988,106.7339642,-6.557158
3989,106.7339642,-6.557158
3990,106.7339642,-6.557158
3991,106.7339642,-6.557158
3992,106.7339642,-6.557158
3993,106.7339642,-6.557158
3994,106.7339642,-6.557158
3995,106.7339642,-6.557158
3996,106.7339642,-6.557158
3997,106.7339642,-6.557158
3998,106.7339642,-6.557158
3999,106.7339642,-6.557158
4000,106.7339642,-6.557158
4001,106.7339642,-6.557158
4002,106.7339642,-6.557158
4003,106.7339642,-6.557158
4004,106.7339642,-6.557158
4005,106.7339642,-6.557158
4006,106.7339642,-6.557158
4007,106.7339642,-6.557158
4008,106.7339642,-6.557158
4009,106.7339642,-6.557158
4010,106.7339642,-6.557158
4011,106.7339642,-6.557158
4012,106.7339642,-6.557158
4013,106.7339642,-6.557158
4014,106.7339642,-6.557158
4015,106.7339642,-6.557158
4016,106.7339642,-6.557158
4017,106.7339642,-6.557158
4018,106.7339642,-6.557158
4019,106.7339642,-6.557158
4020,106.7339642,-6.557158
4021,106.7339642,-6.557158
4022,106.7339642,-6.557158
4023,106.7339642,-6.557158
4024,106.7339642,-6.557158
4025,106.7339642,-6.557158
4026,106.7339642,-6.557158
4027,106.7339642,-6.557158
4028,106.7339642,-6.557158
4029,106.7339642,-6.557158
4030,106.7339642,-6.557158
4031,106.7339642,-6.557158
4032,106.7339642,-6.557158
4033,106.7339642,-6.557158
4034,106.7339642,-6.557158
4035,106.7339642,-6.557158
4036,106.7339642,-6.557158
4037,106.7339642,-6.557158
4038,106.7339642,-6.557158
4039,106.7339642,-6.557158
4040,106.7339642,-6.557158
4041,106.7339642,-6.557158
4042,106.7339642,-6.557158
4043,106.7339642,-6.557158
4044,106.7339642,-6.557158
4045,106.7339642,-6.557158
4046,106.7339642,-6.557158
4047,106.7339642,-6.557158
4048,106.7339642,-6.557158
4049,106.7339642,-6.557158
4050,106.7339642,-6.557158
4051,106.7339642,-6.557158
4052,106.7339642,-6.557158
4053,106.7339642,-6.557158
4054,106.7339642,-6.557158
4055,106.7339642,-6.557158
4056,106.7339642,-6.557158
4057,106.7339642,-6.557158
4058,106.7339642,-6.557158
4059,106.7339642,-6.557158
4060,106.7339642,-6.557158
4061,106.7339642,-6.557158
4062,106.7339642,-6.557158
4063,106.7339642,-6.557158
4064,106.7339642,-6.557158
4065,106.7339642,-6.557158
4066,106.7339642,-6.557158
4067,106.7339642,-6.557158
4068,106.7339642,-6.557158
4069,106.7339642,-6.557158
4070,106.7339642,-6.557158
4071,106.7339642,-6.557158
4072,106.7339642,-6.557158
4073,106.7339642,-6.557158
4074,106.7339642,-6.557158
4075,106.7339642,-6.557158
4076,106.7339642,-6.557158
4077,106.7339642,-6.557158
4078,106.7339642,-6.557158
4079,106.7339642,-6.557158
4080,106.7339642,-6.557158
4081,106.7339642,-6.557158
4082,106.7339642,-6.557158
4083,106.7339642,-6.557158
4084,106.7339642,-6.557158
4516,106.7339642,-6.557158
4517,106.7339642,-6.557158
4518,106.7339642,-6.557158
4519,106.7339642,-6.557158
4520,106.7339642,-6.557158
4521,106.7339642,-6.557158
4522,106.7339642,-6.557158
4523,106.7339642,-6.557158
4524,106.7339642,-6.557158
4525,106.7339642,-6.557158
4526,106.7339642,-6.557158
4527,106.7339642,-6.557158
4528,106.7339642,-6.557158
4529,106.7339642,-6.557158
4530,106.7339642,-6.557158
4531,106.7339642,-6.557158
4532,106.7339642,-6.557158
4533,106.7339642,-6.557158
4534,106.7339642,-6.557158
4535,106.7339642,-6.557158
4536,106.7339642,-6.557158
4537,106.7339642,-6.557158
4538,106.7339642,-6.557158
4539,106.7339642,-6.557158
4540,106.7339642,-6.557158
4541,106.7339642,-6.557158
4542,106.7339642,-6.557158
4543,106.7339642,-6.557158
4544,106.7339642,-6.557158
4545,106.7339642,-6.557158
4546,106.7339642,-6.557158
4547,106.7339642,-6.557158
4548,106.7339642,-6.557158
4549,106.7339642,-6.557158
4550,106.7339642,-6.557158
4551,106.7339642,-6.557158
4552,106.7339642,-6.557158
4553,106.7339642,-6.557158
4554,106.7339642,-6.557158
4555,106.7339642,-6.557158
4556,106.7339642,-6.557158
4557,106.7339642,-6.557158
4558,106.7339642,-6.557158
4559,106.7339642,-6.557158
4560,106.7339642,-6.557158
4561,106.7339642,-6.557158
4562,106.7339642,-6.557158
4563,106.7339642,-6.557158
4564,106.7339642,-6.557158
4565,106.7339642,-6.557158
4566,106.7339642,-6.557158
4567,106.7339642,-6.557158
4568,106.7339642,-6.557158
4569,106.7339642,-6.557158
4570,106.7339642,-6.557158
4571,106.7339642,-6.557158
4572,106.7339642,-6.557158
4573,106.7339642,-6.557158
4574,106.7339642,-6.557158
4575,106.7339642,-6.557158
4576,106.7339642,-6.557158
4577,106.7339642,-6.557158
4578,106.7339642,-6.557158
4579,106.7339642,-6.557158
4580,106.7339642,-6.557158
4581,106.7339642,-6.557158
4582,106.7339642,-6.557158
4583,106.7339642,-6.557158
4584,106.7339642,-6.557158
4585,106.7339642,-6.557158
4586,106.7339642,-6.557158
4587,106.7339642,-6.557158
4588,106.7339642,-6.557158
4589,106.7339642,-6.557158
4590,106.7339642,-6.557158
4591,106.7339642,-6.557158
4592,106.7339642,-6.557158
4593,106.7339642,-6.557158
4594,106.7339642,-6.557158
4595,106.7339642,-6.557158
4596,106.7339642,-6.557158
4597,106.7339642,-6.557158
4598,106.7339642,-6.557158
4599,106.7339642,-6.557158
4600,106.7339642,-6.557158
4601,106.7339642,-6.557158
4602,106.7339642,-6.557158
4603,106.7339642,-6.557158
4604,106.7339642,-6.557158
4605,106.7339642,-6.557158
4606,106.7339642,-6.557158
4607,106.7339642,-6.557158
4608,106.7339642,-6.557158
4609,106.7339642,-6.557158
4610,106.7339642,-6.557158
4611,106.7339642,-6.557158
4612,106.7339642,-6.557158
4613,106.7339642,-6.557158
4614,106.7339642,-6.557158
4615,106.7339642,-6.557158
4616,106.7339642,-6.557158
4617,106.7339642,-6.557158
4618,106.7339642,-6.557158
4619,106.7339642,-6.557158
4620,106.7339642,-6.557158
4621,106.7339642,-6.557158
4622,106.7339642,-6.557158
4623,106.7339642,-6.557158
4624,106.7339642,-6.557158
4625,106.7339642,-6.557158
4626,106.7339642,-6.557158
4627,106.7339642,-6.557158
4628,106.7339642,-6.557158
4629,106.7339642,-6.557158
4630,106.7339642,-6.557158
4631,106.7339642,-6.557158
4632,106.7339642,-6.557158
4633,106.7339642,-6.557158
4634,106.7339642,-6.557158
4635,106.7339642,-6.557158
4636,106.7339642,-6.557158
4637,106.7339642,-6.557158
4638,106.7339642,-6.557158
4639,106.7339642,-6.557158
4640,106.7339642,-6.557158
4641,106.7339642,-6.557158
4642,106.7339642,-6.557158
4643,106.7339642,-6.557158
4644,106.7339642,-6.557158
4645,106.7339642,-6.557158
4646,106.7339642,-6.557158
4647,106.7339642,-6.557158
4648,106.7339642,-6.557158
4649,106.7339642,-6.557158
4650,106.7339642,-6.557158
4651,106.7339642,-6.557158
4652,106.7339642,-6.557158
4653,106.7339642,-6.557158
4654,106.7339642,-6.557158
4655,106.7339642,-6.557158
4656,106.7339642,-6.557158
4657,106.7339642,-6.557158
4658,106.7339642,-6.557158
4659,106.7339642,-6.557158
4660,106.7339642,-6.557158
4661,106.7339642,-6.557158
4662,106.7339642,-6.557158
4663,106.7339642,-6.557158
4664,106.7339642,-6.557158
4665,106.7339642,-6.557158
4666,106.7339642,-6.557158
4667,106.7339642,-6.557158
4668,106.7339642,-6.557158
4669,106.7339642,-6.557158
4670,106.7339642,-6.557158
4671,106.7339642,-6.557158
4672,106.7339642,-6.557158
4673,106.7339642,-6.557158
4674,106.7339642,-6.557158
4675,106.7339642,-6.557158
4676,106.7339642,-6.557158
4677,106.7339642,-6.557158
4678,106.7339642,-6.557158
4679,106.7339642,-6.557158
4680,106.7339642,-6.557158
4681,106.7339642,-6.557158
4682,106.7339642,-6.557158
4683,106.7339642,-6.557158
4684,106.7339642,-6.557158
4685,106.7339642,-6.557158
4686,106.7339642,-6.557158
4687,106.7339642,-6.557158
4688,106.7339642,-6.557158
4689,106.7339642,-6.557158
4690,106.7339642,-6.557158
4691,106.7339642,-6.557158
4692,106.7339642,-6.557158
4693,106.7339642,-6.557158
4694,106.7339642,-6.557158
4695,106.7339642,-6.557158
4696,106.7339642,-6.557158
4697,106.7339642,-6.557158
4698,106.7339642,-6.557158
4699,106.7339642,-6.557158
4700,106.7339642,-6.557158
4701,106.7339642,-6.557158
4702,106.7339642,-6.557158
4703,106.7339642,-6.557158
4704,106.7339642,-6.557158
4705,106.7339642,-6.557158
4706,106.7339642,-6.557158
4707,106.7339642,-6.557158
4708,106.7339642,-6.557158
4709,106.7339642,-6.557158
4710,106.7339642,-6.557158
4711,106.7339642,-6.557158
4712,106.7339642,-6.557158
4713,106.7339642,-6.557158
4714,106.7339642,-6.557158
4715,106.7339642,-6.557158
4716,106.7339642,-6.557158
4717,106.7339642,-6.557158
4718,106.7339642,-6.557158
4719,106.7339642,-6.557158
4720,106.7339642,-6.557158
4721,106.7339642,-6.557158
4722,106.7339642,-6.557158
4723,106.7339642,-6.557158
4724,106.7339642,-6.557158
4725,106.7339642,-6.557158
4726,106.7339642,-6.557158
4727,106.7339642,-6.557158
4728,106.7339642,-6.557158
4729,106.7339642,-6.557158
4730,106.7339642,-6.557158
4731,106.7339642,-6.557158
4732,106.7339642,-6.557158
4733,106.7339642,-6.557158
4734,106.7339642,-6.557158
4735,106.7339642,-6.557158
4736,106.7339642,-6.557158
4737,106.7339642,-6.557158
4738,106.7339642,-6.557158
4739,106.7339642,-6.557158
4740,106.7339642,-6.557158
4741,106.7339642,-6.557158
4742,106.7339642,-6.557158
4743,106.7339642,-6.557158
4744,106.7339642,-6.557158
4745,106.7339642,-6.557158
4746,106.7339642,-6.557158
4747,106.7339642,-6.557158
4748,106.7339642,-6.557158
4749,106.7339642,-6.557158
4750,106.7339642,-6.557158
4751,106.7339642,-6.557158
4752,106.7339642,-6.557158
4753,106.7339642,-6.557158
4754,106.7339642,-6.557158
4755,106.7339642,-6.557158
4756,106.7339642,-6.557158
4757,106.7339642,-6.557158
4758,106.7339642,-6.557158
4759,106.7339642,-6.557158
4760,106.7339642,-6.557158
4761,106.7339642,-6.557158
4762,106.7339642,-6.557158
4763,106.7339642,-6.557158
4764,106.7339642,-6.557158
4765,106.7339642,-6.557158
4766,106.7339642,-6.557158
4767,106.7339642,-6.557158
4768,106.7339642,-6.557158
4769,106.7339642,-6.557158
4770,106.7339642,-6.557158
4771,106.7339642,-6.557158
4772,106.7339642,-6.557158
4773,106.7339642,-6.557158
4774,106.7339642,-6.557158
4775,106.7339642,-6.557158
4776,106.7339642,-6.557158
4777,106.7339642,-6.557158
4778,106.7339642,-6.557158
4779,106.7339642,-6.557158
4780,106.7339642,-6.557158
4781,106.7339642,-6.557158
4782,106.7339642,-6.557158
4783,106.7339642,-6.557158
4784,106.7339642,-6.557158
4785,106.7339642,-6.557158
4786,106.7339642,-6.557158
4787,106.7339642,-6.557158
4788,106.7339642,-6.557158
4789,106.7339642,-6.557158
4790,106.7339642,-6.557158
4791,106.7339642,-6.557158
4792,106.7339642,-6.557158
4793,106.7339642,-6.557158
4794,106.7339642,-6.557158
4795,106.7339642,-6.557158
4796,106.7339642,-6.557158
4797,106.7339642,-6.557158
4798,106.7339642,-6.557158
4799,106.7339642,-6.557158
4800,106.7339642,-6.557158
4801,106.7339642,-6.557158
4802,106.7339642,-6.557158
4803,106.7339642,-6.557158
4804,106.7339642,-6.557158
4805,106.7339642,-6.557158
4806,106.7339642,-6.557158
4807,106.7339642,-6.557158
4808,106.7339642,-6.557158
4809,106.7339642,-6.557158
4810,106.7339642,-6.557158
4811,106.7339642,-6.557158
4812,106.7339642,-6.557158
4813,106.7339642,-6.557158
4814,106.7339642,-6.557158
4815,106.7339642,-6.557158
4816,106.7339642,-6.557158
4817,106.7339642,-6.557158
4818,106.7339642,-6.557158
4819,106.7339642,-6.557158
4820,106.7339642,-6.557158
4821,106.7339642,-6.557158
4822,106.7339642,-6.557158
4823,106.7339642,-6.557158
4824,106.7339642,-6.557158
4825,106.7339642,-6.557158
4826,106.7339642,-6.557158
4827,106.7339642,-6.557158
4828,106.7339642,-6.557158
4829,106.7339642,-6.557158
4830,106.7339642,-6.557158
4831,106.7339642,-6.557158
4832,106.7339642,-6.557158
4833,106.7339642,-6.557158
4834,106.7339642,-6.557158
4835,106.7339642,-6.557158
4836,106.7339642,-6.557158
4837,106.7339642,-6.557158
4838,106.7339642,-6.557158
4839,106.7339642,-6.557158
4840,106.7339642,-6.557158
4841,106.7339642,-6.557158
4842,106.7339642,-6.557158
4843,106.7339642,-6.557158
4844,106.7339642,-6.557158
4845,106.7339642,-6.557158
4846,106.7339642,-6.557158
4847,106.7339642,-6.557158
4848,106.7339642,-6.557158
4849,106.7339642,-6.557158
4850,106.7339642,-6.557158
4851,106.7339642,-6.557158
4852,106.7339642,-6.557158
4853,106.7339642,-6.557158
4854,106.7339642,-6.557158
4855,106.7339642,-6.557158
4856,106.7339642,-6.557158
4857,106.7339642,-6.557158
4858,106.7339642,-6.557158
4859,106.7339642,-6.557158
4860,106.7339642,-6.557158
4861,106.7339642,-6.557158
4862,106.7339642,-6.557158
4863,106.7339642,-6.557158
4864,106.7339642,-6.557158
4865,106.7339642,-6.557158
4866,106.7339642,-6.557158
4867,106.7339642,-6.557158
4868,106.7339642,-6.557158
4869,106.7339642,-6.557158
4870,106.7339642,-6.557158
4871,106.7339642,-6.557158
4872,106.7339642,-6.557158
4873,106.7339642,-6.557158
4874,106.7339642,-6.557158
4875,106.7339642,-6.557158
5161,106.7339642,-6.557158
5162,106.7339642,-6.557158
5163,106.7339642,-6.557158
5164,106.7339642,-6.557158
5165,106.7339642,-6.557158
5166,106.7339642,-6.557158
5167,106.7339642,-6.557158
5168,106.7339642,-6.557158
5169,106.7339642,-6.557158
5170,106.7339642,-6.557158
5171,106.7339642,-6.557158
5172,106.7339642,-6.557158
5173,106.7339642,-6.557158
5174,106.7339642,-6.557158
5175,106.7339642,-6.557158
5176,106.7339642,-6.557158
5177,106.7339642,-6.557158
5178,106.7339642,-6.557158
5179,106.7339642,-6.557158
5180,106.7339642,-6.557158
5181,106.7339642,-6.557158
5182,106.7339642,-6.557158
5183,106.7339642,-6.557158
5184,106.7339642,-6.557158
5185,106.7339642,-6.557158
5186,106.7339642,-6.557158
5187,106.7339642,-6.557158
5188,106.7339642,-6.557158
5189,106.7339642,-6.557158
5190,106.7339642,-6.557158
5191,106.7339642,-6.557158
5192,106.7339642,-6.557158
5193,106.7339642,-6.557158
5194,106.7339642,-6.557158
5195,106.7339642,-6.557158
5196,106.7339642,-6.557158
5197,106.7339642,-6.557158
5198,106.7339642,-6.557158
5199,106.7339642,-6.557158
5200,106.7339642,-6.557158
5201,106.7339642,-6.557158
5202,106.7339642,-6.557158
5203,106.7339642,-6.557158
5204,106.7339642,-6.557158
5205,106.7339642,-6.557158
5206,106.7339642,-6.557158
5207,106.7339642,-6.557158
5208,106.7339642,-6.557158
5209,106.7339642,-6.557158
5210,106.7339642,-6.557158
5211,106.7339642,-6.557158
5212,106.7339642,-6.557158
5213,106.7339642,-6.557158
5214,106.7339642,-6.557158
5215,106.7339642,-6.557158
5216,106.7339642,-6.557158
5217,106.7339642,-6.557158
5218,106.7339642,-6.557158
5219,106.7339642,-6.557158
5220,106.7339642,-6.557158
5221,106.7339642,-6.557158
5222,106.7339642,-6.557158
5223,106.7339642,-6.557158
5224,106.7339642,-6.557158
5225,106.7339642,-6.557158
5226,106.7339642,-6.557158
5227,106.7339642,-6.557158
5228,106.7339642,-6.557158
5229,106.7339642,-6.557158
5230,106.7339642,-6.557158
5231,106.7339642,-6.557158
5232,106.7339642,-6.557158
5233,106.7339642,-6.557158
5234,106.7339642,-6.557158
5235,106.7339642,-6.557158
5236,106.7339642,-6.557158
5237,106.7339642,-6.557158
5238,106.7339642,-6.557158
5239,106.7339642,-6.557158
5240,106.7339642,-6.557158
5241,106.7339642,-6.557158
5242,106.7339642,-6.557158
5243,106.7339642,-6.557158
5244,106.7339642,-6.557158
5245,106.7339642,-6.557158
5246,106.7339642,-6.557158
5247,106.7339642,-6.557158
5248,106.7339642,-6.557158
5249,106.7339642,-6.557158
5250,106.7339642,-6.557158
5251,106.7339642,-6.557158
5252,106.7339642,-6.557158
5253,106.7339642,-6.557158
5254,106.7339642,-6.557158
5255,106.7339642,-6.557158
5256,106.7339642,-6.557158
5257,106.7339642,-6.557158
5258,106.7339642,-6.557158
5259,106.7339642,-6.557158
5260,106.7339642,-6.557158
5261,106.7339642,-6.557158
5262,106.7339642,-6.557158
5263,106.7339642,-6.557158
5264,106.7339642,-6.557158
5265,106.7339642,-6.557158
5266,106.7339642,-6.557158
5267,106.7339642,-6.557158
5268,106.7339642,-6.557158
5269,106.7339642,-6.557158
5270,106.7339642,-6.557158
5271,106.7339642,-6.557158
5272,106.7339642,-6.557158
5273,106.7339642,-6.557158
5274,106.7339642,-6.557158
5275,106.7339642,-6.557158
5276,106.7339642,-6.557158
5277,106.7339642,-6.557158
5278,106.7339642,-6.557158
5279,106.7339642,-6.557158
5280,106.7339642,-6.557158
5281,106.7339642,-6.557158
5282,106.7339642,-6.557158
5283,106.7339642,-6.557158
5284,106.7339642,-6.557158
5285,106.7339642,-6.557158
5286,106.7339642,-6.557158
5287,106.7339642,-6.557158
5288,106.7339642,-6.557158
5289,106.7339642,-6.557158
5290,106.7339642,-6.557158
5291,106.7339642,-6.557158
5292,106.7339642,-6.557158
5293,106.7339642,-6.557158
5294,106.7339642,-6.557158
5295,106.7339642,-6.557158
5296,106.7339642,-6.557158
5297,106.7339642,-6.557158
5298,106.7339642,-6.557158
5299,106.7339642,-6.557158
5300,106.7339642,-6.557158
5301,106.7339642,-6.557158
5302,106.7339642,-6.557158
5303,106.7339642,-6.557158
5304,106.7339642,-6.557158
5305,106.7339642,-6.557158
5306,106.7339642,-6.557158
5307,106.7339642,-6.557158
5308,106.7339642,-6.557158
5309,106.7339642,-6.557158
5310,106.7339642,-6.557158
5311,106.7339642,-6.557158
5312,106.7339642,-6.557158
5313,106.7339642,-6.557158
5314,106.7339642,-6.557158
5315,106.7339642,-6.557158
5316,106.7339642,-6.557158
5317,106.7339642,-6.557158
5318,106.7339642,-6.557158
5319,106.7339642,-6.557158
5320,106.7339642,-6.557158
5321,106.7339642,-6.557158
5322,106.7339642,-6.557158
5323,106.7339642,-6.557158
5324,106.7339642,-6.557158
5325,106.7339642,-6.557158
5326,106.7339642,-6.557158
5327,106.7339642,-6.557158
5328,106.7339642,-6.557158
5329,106.7339642,-6.557158
5330,106.7339642,-6.557158
5331,106.7339642,-6.557158
5332,106.7339642,-6.557158
5333,106.7339642,-6.557158
5334,106.7339642,-6.557158
5335,106.7339642,-6.557158
5336,106.7339642,-6.557158
5337,106.7339642,-6.557158
5338,106.7339642,-6.557158
5339,106.7339642,-6.557158
5340,106.7339642,-6.557158
5341,106.7339642,-6.557158
5342,106.7339642,-6.557158
5343,106.7339642,-6.557158
5344,106.7339642,-6.557158
5345,106.7339642,-6.557158
5346,106.7339642,-6.557158
5347,106.7339642,-6.557158
5348,106.7339642,-6.557158
5349,106.7339642,-6.557158
5350,106.7339642,-6.557158
5351,106.7339642,-6.557158
5352,106.7339642,-6.557158
5353,106.7339642,-6.557158
5354,106.7339642,-6.557158
5355,106.7339642,-6.557158
5356,106.7339642,-6.557158
5357,106.7339642,-6.557158
5358,106.7339642,-6.557158
5359,106.7339642,-6.557158
5360,106.7339642,-6.557158
5361,106.7339642,-6.557158
5362,106.7339642,-6.557158
5363,106.7339642,-6.557158
5364,106.7339642,-6.557158
5365,106.7339642,-6.557158
5366,106.7339642,-6.557158
5367,106.7339642,-6.557158
5368,106.7339642,-6.557158
5369,106.7339642,-6.557158
5370,106.7339642,-6.557158
5371,106.7339642,-6.557158
5372,106.7339642,-6.557158
5373,106.7339642,-6.557158
5374,106.7339642,-6.557158
5375,106.7339642,-6.557158
5376,106.7339642,-6.557158
5377,106.7339642,-6.557158
5378,106.7339642,-6.557158
5379,106.7339642,-6.557158
5380,106.7339642,-6.557158
5381,106.7339642,-6.557158
5382,106.7339642,-6.557158
5383,106.7339642,-6.557158
5384,106.7339642,-6.557158
5385,106.7339642,-6.557158
5386,106.7339642,-6.557158
5387,106.7339642,-6.557158
5388,106.7339642,-6.557158
5389,106.7339642,-6.557158
5390,106.7339642,-6.557158
5391,106.7339642,-6.557158
5392,106.7339642,-6.557158
5393,106.7339642,-6.557158
5394,106.7339642,-6.557158
5395,106.7339642,-6.557158
5396,106.7339642,-6.557158
5397,106.7339642,-6.557158
5398,106.7339642,-6.557158
5399,106.7339642,-6.557158
5400,106.7339642,-6.557158
5401,106.7339642,-6.557158
5402,106.7339642,-6.557158
5403,106.7339642,-6.557158
5404,106.7339642,-6.557158
5405,106.7339642,-6.557158
5406,106.7339642,-6.557158
5407,106.7339642,-6.557158
5408,106.7339642,-6.557158
5409,106.7339642,-6.557158
5410,106.7339642,-6.557158
5411,106.7339642,-6.557158
5412,106.7339642,-6.557158
5413,106.7339642,-6.557158
5414,106.7339642,-6.557158
5415,106.7339642,-6.557158
5416,106.7339642,-6.557158
5417,106.7339642,-6.557158
5418,106.7339642,-6.557158
5419,106.7339642,-6.557158
5420,106.7339642,-6.557158
5421,106.7339642,-6.557158
5422,106.7339642,-6.557158
5423,106.7339642,-6.557158
5424,106.7339642,-6.557158
5425,106.7339642,-6.557158
5426,106.7339642,-6.557158
5427,106.7339642,-6.557158
5428,106.7339642,-6.557158
5429,106.7339642,-6.557158
5430,106.7339642,-6.557158
5431,106.7339642,-6.557158
5432,106.7339642,-6.557158
5433,106.7339642,-6.557158
5434,106.7339642,-6.557158
5435,106.7339642,-6.557158
5436,106.7339642,-6.557158
5437,106.7339642,-6.557158
5438,106.7339642,-6.557158
5439,106.7339642,-6.557158
5440,106.7339642,-6.557158
5441,106.7339642,-6.557158
5442,106.7339642,-6.557158
5443,106.7339642,-6.557158
5444,106.7339642,-6.557158
5445,106.7339642,-6.557158
5446,106.7339642,-6.557158
5447,106.7339642,-6.557158
5448,106.7339642,-6.557158
5449,106.7339642,-6.557158
5450,106.7339642,-6.557158
5451,106.7339642,-6.557158
5452,106.7339642,-6.557158
5453,106.7339642,-6.557158
5454,106.7339642,-6.557158
5455,106.7339642,-6.557158
5456,106.7339642,-6.557158
5457,106.7339642,-6.557158
5458,106.7339642,-6.557158
5459,106.7339642,-6.557158
5460,106.7339642,-6.557158
5461,106.7339642,-6.557158
5462,106.7339642,-6.557158
5463,106.7339642,-6.557158
5464,106.7339642,-6.557158
5465,106.7339642,-6.557158
5466,106.7339642,-6.557158
5467,106.7339642,-6.557158
5468,106.7339642,-6.557158
5469,106.7339642,-6.557158
5470,106.7339642,-6.557158
5471,106.7339642,-6.557158
5472,106.7339642,-6.557158
5473,106.7339642,-6.557158
5474,106.7339642,-6.557158
5475,106.7339642,-6.557158
5476,106.7339642,-6.557158
5477,106.7339642,-6.557158
5478,106.7339642,-6.557158
5479,106.7339642,-6.557158
5480,106.7339642,-6.557158
5481,106.7339642,-6.557158
5482,106.7339642,-6.557158
5483,106.7339642,-6.557158
5484,106.7339642,-6.557158
5485,106.7339642,-6.557158
5486,106.7339642,-6.557158
5487,106.7339642,-6.557158
5488,106.7339642,-6.557158
5489,106.7339642,-6.557158
5490,106.7339642,-6.557158
5491,106.7339642,-6.557158
5492,106.7339642,-6.557158
5493,106.7339642,-6.557158
5494,106.7339642,-6.557158
5495,106.7339642,-6.557158
5496,106.7339642,-6.557158
5497,106.7339642,-6.557158
5498,106.7339642,-6.557158
6201,106.7339642,-6.557158
6202,106.7339642,-6.557158
6203,106.7339642,-6.557158
6204,106.7339642,-6.557158
6205,106.7339642,-6.557158
6206,106.7339642,-6.557158
6207,106.7339642,-6.557158
6208,106.7339642,-6.557158
6209,106.7339642,-6.557158
6210,106.7339642,-6.557158
6211,106.7339642,-6.557158
6212,106.7339642,-6.557158
6213,106.7339642,-6.557158
6214,106.7339642,-6.557158
6215,106.7339642,-6.557158
6216,106.7339642,-6.557158
6217,106.7339642,-6.557158
6218,106.7339642,-6.557158
6219,106.7339642,-6.557158
6220,106.7339642,-6.557158
6221,106.7339642,-6.557158
6222,106.7339642,-6.557158
6223,106.7339642,-6.557158
6224,106.7339642,-6.557158
6225,106.7339642,-6.557158
6226,106.7339642,-6.557158
6227,106.7339642,-6.557158
6228,106.7339642,-6.557158
6229,106.7339642,-6.557158
6230,106.7339642,-6.557158
6231,106.7339642,-6.557158
6232,106.7339642,-6.557158
6233,106.7339642,-6.557158
6234,106.7339642,-6.557158
6235,106.7339642,-6.557158
6236,106.7339642,-6.557158
6237,106.7339642,-6.557158
6238,106.7339642,-6.557158
6239,106.7339642,-6.557158
6240,106.7339642,-6.557158
6241,106.7339642,-6.557158
6242,106.7339642,-6.557158
6243,106.7339642,-6.557158
6244,106.7339642,-6.557158
6245,106.7339642,-6.557158
6246,106.7339642,-6.557158
6247,106.7339642,-6.557158
6248,106.7339642,-6.557158
6249,106.7339642,-6.557158
6250,106.7339642,-6.557158
6251,106.7339642,-6.557158
6252,106.7339642,-6.557158
6253,106.7339642,-6.557158
6254,106.7339642,-6.557158
6255,106.7339642,-6.557158
6256,106.7339642,-6.557158
6257,106.7339642,-6.557158
6258,106.7339642,-6.557158
6259,106.7339642,-6.557158
6260,106.7339642,-6.557158
6261,106.7339642,-6.557158
6262,106.7339642,-6.557158
6263,106.7339642,-6.557158
6264,106.7339642,-6.557158
6265,106.7339642,-6.557158
6266,106.7339642,-6.557158
6267,106.7339642,-6.557158
6268,106.7339642,-6.557158
6269,106.7339642,-6.557158
6270,106.7339642,-6.557158
6271,106.7339642,-6.557158
6272,106.7339642,-6.557158
6273,106.7339642,-6.557158
6274,106.7339642,-6.557158
6275,106.7339642,-6.557158
6276,106.7339642,-6.557158
6277,106.7339642,-6.557158
6278,106.7339642,-6.557158
6279,106.7339642,-6.557158
6280,106.7339642,-6.557158
6281,106.7339642,-6.557158
6282,106.7339642,-6.557158
6283,106.7339642,-6.557158
6284,106.7339642,-6.557158
6285,106.7339642,-6.557158
6286,106.7339642,-6.557158
6287,106.7339642,-6.557158
6288,106.7339642,-6.557158
7545,106.7339642,-6.557158
7546,106.7339642,-6.557158
7547,106.7339642,-6.557158
7548,106.7339642,-6.557158
7549,106.7339642,-6.557158
7550,106.7339642,-6.557158
7551,106.7339642,-6.557158
7552,106.7339642,-6.557158
7553,106.7339642,-6.557158
7554,106.7339642,-6.557158
7555,106.7339642,-6.557158
7556,106.7339642,-6.557158
7557,106.7339642,-6.557158
7558,106.7339642,-6.557158
7559,106.7339642,-6.557158
7560,106.7339642,-6.557158
7561,106.7339642,-6.557158
7562,106.7339642,-6.557158
7563,106.7339642,-6.557158
7564,106.7339642,-6.557158
7565,106.7339642,-6.557158
7566,106.7339642,-6.557158
7567,106.7339642,-6.557158
7568,106.7339642,-6.557158
7569,106.7339642,-6.557158
7570,106.7339642,-6.557158
7571,106.7339642,-6.557158
8429,106.7339642,-6.557158
8430,106.7339642,-6.557158
8431,106.7339642,-6.557158
8432,106.7339642,-6.557158
8433,106.7339642,-6.557158
8434,106.7339642,-6.557158
8435,106.7339642,-6.557158
8436,106.7339642,-6.557158
8437,106.7339642,-6.557158
8438,106.7339642,-6.557158
8439,106.7339642,-6.557158
8440,106.7339642,-6.557158
8441,106.7339642,-6.557158
8442,106.7339642,-6.557158
8443,106.7339642,-6.557158
8444,106.7339642,-6.557158
8445,106.7339642,-6.557158
8446,106.7339642,-6.557158
8447,106.7339642,-6.557158
8448,106.7339642,-6.557158
8449,106.7339642,-6.557158
8450,106.7339642,-6.557158
8451,106.7339642,-6.557158
8452,106.7339642,-6.557158
8453,106.7339642,-6.557158
8454,106.7339642,-6.557158
8455,106.7339642,-6.557158
8456,106.7339642,-6.557158
8457,106.7339642,-6.557158
8458,106.7339642,-6.557158
8459,106.7339642,-6.557158
8460,106.7339642,-6.557158
8461,106.7339642,-6.557158
8462,106.7339642,-6.557158
8463,106.7339642,-6.557158
8464,106.7339642,-6.557158
8465,106.7339642,-6.557158
8466,106.7339642,-6.557158
8467,106.7339642,-6.557158
8468,106.7339642,-6.557158
8469,106.7339642,-6.557158
8470,106.7339642,-6.557158
8471,106.7339642,-6.557158
8472,106.7339642,-6.557158
8473,106.7339642,-6.557158
8474,106.7339642,-6.557158
8475,106.7339642,-6.557158
8476,106.7339642,-6.557158
8477,106.7339642,-6.557158
8478,106.7339642,-6.557158
8479,106.7339642,-6.557158
8480,106.7339642,-6.557158
8481,106.7339642,-6.557158
8482,106.7339642,-6.557158
8483,106.7339642,-6.557158
8484,106.7339642,-6.557158
8485,106.7339642,-6.557158
8486,106.7339642,-6.557158
8487,106.7339642,-6.557158
8488,106.7339642,-6.557158
8489,106.7339642,-6.557158
8490,106.7339642,-6.557158
8491,106.7339642,-6.557158
8492,106.7339642,-6.557158
8493,106.7339642,-6.557158
8494,106.7339642,-6.557158
8495,106.7339642,-6.557158
8496,106.7339642,-6.557158
8497,106.7339642,-6.557158
8498,106.7339642,-6.557158
8499,106.7339642,-6.557158
8500,106.7339642,-6.557158
8501,106.7339642,-6.557158
8502,106.7339642,-6.557158
8503,106.7339642,-6.557158
8504,106.7339642,-6.557158
8505,106.7339642,-6.557158
8506,106.7339642,-6.557158
8507,106.7339642,-6.557158
8508,106.7339642,-6.557158
8509,106.7339642,-6.557158
8510,106.7339642,-6.557158
8511,106.7339642,-6.557158
8512,106.7339642,-6.557158
8513,106.7339642,-6.557158
8514,106.7339642,-6.557158
8515,106.7339642,-6.557158
8516,106.7339642,-6.557158
8517,106.7339642,-6.557158
8518,106.7339642,-6.557158
8519,106.7339642,-6.557158
8520,106.7339642,-6.557158
8521,106.7339642,-6.557158
8522,106.7339642,-6.557158
8523,106.7339642,-6.557158
8524,106.7339642,-6.557158
8525,106.7339642,-6.557158
8526,106.7339642,-6.557158
8527,106.7339642,-6.557158
8528,106.7339642,-6.557158
8529,106.7339642,-6.557158
8530,106.7339642,-6.557158
8531,106.7339642,-6.557158
8532,106.7339642,-6.557158
8533,106.7339642,-6.557158
8534,106.7339642,-6.557158
8535,106.7339642,-6.557158
8536,106.7339642,-6.557158
8537,106.7339642,-6.557158
8538,106.7339642,-6.557158
8539,106.7339642,-6.557158
8540,106.7339642,-6.557158
8541,106.7339642,-6.557158
8542,106.7339642,-6.557158
8543,106.7339642,-6.557158
8544,106.7339642,-6.557158
8545,106.7339642,-6.557158
8546,106.7339642,-6.557158
8547,106.7339642,-6.557158
8548,106.7339642,-6.557158
8549,106.7339642,-6.557158
8550,106.7339642,-6.557158
8551,106.7339642,-6.557158
8552,106.7339642,-6.557158
8553,106.7339642,-6.557158
8554,106.7339642,-6.557158
8555,106.7339642,-6.557158
8556,106.7339642,-6.557158
8557,106.7339642,-6.557158
8558,106.7339642,-6.557158
8559,106.7339642,-6.557158
8560,106.7339642,-6.557158
8561,106.7339642,-6.557158
8562,106.7339642,-6.557158
8563,106.7339642,-6.557158
8564,106.7339642,-6.557158
8565,106.7339642,-6.557158
8566,106.7339642,-6.557158
8567,106.7339642,-6.557158
8568,106.7339642,-6.557158
8569,106.7339642,-6.557158
8570,106.7339642,-6.557158
8571,106.7339642,-6.557158
8572,106.7339642,-6.557158
8573,106.7339642,-6.557158
8574,106.7339642,-6.557158
8575,106.7339642,-6.557158
8576,106.7339642,-6.557158
8577,106.7339642,-6.557158
8578,106.7339642,-6.557158
8579,106.7339642,-6.557158
8580,106.7339642,-6.557158
8581,106.7339642,-6.557158
8582,106.7339642,-6.557158
8583,106.7339642,-6.557158
8584,106.7339642,-6.557158
8585,106.7339642,-6.557158
8586,106.7339642,-6.557158
8587,106.7339642,-6.557158
8588,106.7339642,-6.557158
8589,106.7339642,-6.557158
8590,106.7339642,-6.557158
8591,106.7339642,-6.557158
8592,106.7339642,-6.557158
8593,106.7339642,-6.557158
8594,106.7339642,-6.557158
8595,106.7339642,-6.557158
8596,106.7339642,-6.557158
8597,106.7339642,-6.557158
8598,106.7339642,-6.557158
8599,106.7339642,-6.557158
8600,106.7339642,-6.557158
8601,106.7339642,-6.557158
8602,106.7339642,-6.557158
8603,106.7339642,-6.557158
8604,106.7339642,-6.557158
8605,106.7339642,-6.557158
8606,106.7339642,-6.557158
8607,106.7339642,-6.557158
8608,106.7339642,-6.557158
8609,106.7339642,-6.557158
8610,106.7339642,-6.557158
8611,106.7339642,-6.557158
8612,106.7339642,-6.557158
8613,106.7339642,-6.557158
8614,106.7339642,-6.557158
8615,106.7339642,-6.557158
8616,106.7339642,-6.557158
8617,106.7339642,-6.557158
8618,106.7339642,-6.557158
8619,106.7339642,-6.557158
8620,106.7339642,-6.557158
8621,106.7339642,-6.557158
8622,106.7339642,-6.557158
8623,106.7339642,-6.557158
8624,106.7339642,-6.557158
8625,106.7339642,-6.557158
8626,106.7339642,-6.557158
8627,106.7339642,-6.557158
8628,106.7339642,-6.557158
8629,106.7339642,-6.557158
8630,106.7339642,-6.557158
8631,106.7339642,-6.557158
8632,106.7339642,-6.557158
8633,106.7339642,-6.557158
8634,106.7339642,-6.557158
8635,106.7339642,-6.557158
8636,106.7339642,-6.557158
8637,106.7339642,-6.557158
8638,106.7339642,-6.557158
8639,106.7339642,-6.557158
8640,106.7339642,-6.557158
8641,106.7339642,-6.557158
8642,106.7339642,-6.557158
8643,106.7339642,-6.557158
8644,106.7339642,-6.557158
8645,106.7339642,-6.557158
8646,106.7339642,-6.557158
8647,106.7339642,-6.557158
8648,106.7339642,-6.557158
8649,106.7339642,-6.557158
8650,106.7339642,-6.557158
8651,106.7339642,-6.557158
8652,106.7339642,-6.557158
8653,106.7339642,-6.557158
8654,106.7339642,-6.557158
8655,106.7339642,-6.557158
8656,106.7339642,-6.557158
8657,106.7339642,-6.557158
8658,106.7339642,-6.557158
8659,106.7339642,-6.557158
8660,106.7339642,-6.557158
8661,106.7339642,-6.557158
8662,106.7339642,-6.557158
8663,106.7339642,-6.557158
8664,106.7339642,-6.557158
8665,106.7339642,-6.557158
8666,106.7339642,-6.557158
8667,106.7339642,-6.557158
8668,106.7339642,-6.557158
8669,106.7339642,-6.557158
8670,106.7339642,-6.557158
8671,106.7339642,-6.557158
8672,106.7339642,-6.557158
8673,106.7339642,-6.557158
8674,106.7339642,-6.557158
8675,106.7339642,-6.557158
8676,106.7339642,-6.557158
8677,106.7339642,-6.557158
8678,106.7339642,-6.557158
8679,106.7339642,-6.557158
8680,106.7339642,-6.557158
8681,106.7339642,-6.557158
8682,106.7339642,-6.557158
8683,106.7339642,-6.557158
8684,106.7339642,-6.557158
8685,106.7339642,-6.557158
8686,106.7339642,-6.557158
8687,106.7339642,-6.557158
8688,106.7339642,-6.557158
8689,106.7339642,-6.557158
8690,106.7339642,-6.557158
8691,106.7339642,-6.557158
8692,106.7339642,-6.557158
8693,106.7339642,-6.557158
8694,106.7339642,-6.557158
8695,106.7339642,-6.557158
8696,106.7339642,-6.557158
8697,106.7339642,-6.557158
8698,106.7339642,-6.557158
8699,106.7339642,-6.557158
8700,106.7339642,-6.557158
8701,106.7339642,-6.557158
8702,106.7339642,-6.557158
8703,106.7339642,-6.557158
8704,106.7339642,-6.557158
8705,106.7339642,-6.557158
8706,106.7339642,-6.557158
8707,106.7339642,-6.557158
8708,106.7339642,-6.557158
8709,106.7339642,-6.557158
8710,106.7339642,-6.557158
8711,106.7339642,-6.557158
8712,106.7339642,-6.557158
8713,106.7339642,-6.557158
8714,106.7339642,-6.557158
8715,106.7339642,-6.557158
8716,106.7339642,-6.557158
8717,106.7339642,-6.557158
8718,106.7339642,-6.557158
8719,106.7339642,-6.557158
8720,106.7339642,-6.557158
8721,106.7339642,-6.557158
8722,106.7339642,-6.557158
8723,106.7339642,-6.557158
8724,106.7339642,-6.557158
8725,106.7339642,-6.557158
8726,106.7339642,-6.557158
8727,106.7339642,-6.557158
8728,106.7339642,-6.557158
8729,106.7339642,-6.557158
8730,106.7339642,-6.557158
8731,106.7339642,-6.557158
8732,106.7339642,-6.557158
8733,106.7339642,-6.557158
8734,106.7339642,-6.557158
8735,106.7339642,-6.557158
8736,106.7339642,-6.557158
8737,106.7339642,-6.557158
8738,106.7339642,-6.557158
8739,106.7339642,-6.557158
8740,106.7339642,-6.557158
8741,106.7339642,-6.557158
8742,106.7339642,-6.557158
8743,106.7339642,-6.557158
8744,106.7339642,-6.557158
8745,106.7339642,-6.557158
8746,106.7339642,-6.557158
8747,106.7339642,-6.557158
8748,106.7339642,-6.557158
8749,106.7339642,-6.557158
8750,106.7339642,-6.557158
8751,106.7339642,-6.557158
8752,106.7339642,-6.557158
8753,106.7339642,-6.557158
8754,106.7339642,-6.557158
8755,106.7339642,-6.557158
8756,106.7339642,-6.557158
8757,106.7339642,-6.557158
8758,106.7339642,-6.557158
8759,106.7339642,-6.557158
8760,106.7339642,-6.557158
8761,106.7339642,-6.557158
8762,106.7339642,-6.557158
8763,106.7339642,-6.557158
8764,106.7339642,-6.557158
8765,106.7339642,-6.557158
8766,106.7339642,-6.557158
8767,106.7339642,-6.557158
8768,106.7339642,-6.557158
8769,106.7339642,-6.557158
8770,106.7339642,-6.557158
8771,106.7339642,-6.557158
8772,106.7339642,-6.557158
8773,106.7339642,-6.557158
8774,106.7339642,-6.557158
8775,106.7339642,-6.557158
8776,106.7339642,-6.557158
8777,106.7339642,-6.557158
8778,106.7339642,-6.557158
8779,106.7339642,-6.557158
8780,106.7339642,-6.557158
8781,106.7339642,-6.557158
8782,106.7339642,-6.557158
8783,106.7339642,-6.557158
8784,106.7339642,-6.557158
8785,106.7339642,-6.557158
8786,106.7339642,-6.557158
8787,106.7339642,-6.557158
8788,106.7339642,-6.557158
8789,106.7339642,-6.557158
8790,106.7339642,-6.557158
